-- phpMyAdmin SQL Dump
-- version 4.9.0.1
-- https://www.phpmyadmin.net/
--
-- Host: 127.0.0.1
-- Generation Time: Feb 23, 2020 at 08:50 PM
-- Server version: 10.4.11-MariaDB
-- PHP Version: 7.3.7

SET SQL_MODE = "NO_AUTO_VALUE_ON_ZERO";
SET AUTOCOMMIT = 0;
START TRANSACTION;
SET time_zone = "+00:00";


/*!40101 SET @OLD_CHARACTER_SET_CLIENT=@@CHARACTER_SET_CLIENT */;
/*!40101 SET @OLD_CHARACTER_SET_RESULTS=@@CHARACTER_SET_RESULTS */;
/*!40101 SET @OLD_COLLATION_CONNECTION=@@COLLATION_CONNECTION */;
/*!40101 SET NAMES utf8mb4 */;

--
-- Database: `apidatabase`
--

-- --------------------------------------------------------

--
-- Table structure for table `alcohol-usage`
--

CREATE TABLE `alcohol-usage` (
  `Country` varchar(28) NOT NULL,
  `total_litres_of_pure_alcohol` decimal(4,1) NOT NULL,
  `continent` varchar(2) NOT NULL
) ENGINE=InnoDB DEFAULT CHARSET=latin1;

--
-- Dumping data for table `alcohol-usage`
--

INSERT INTO `alcohol-usage` (`Country`, `total_litres_of_pure_alcohol`, `continent`) VALUES
('Afghanistan', '0.0', 'AS'),
('Albania', '4.9', 'EU'),
('Algeria', '0.7', 'AF'),
('Andorra', '12.4', 'EU'),
('Angola', '5.9', 'AF'),
('Antigua & Barbuda', '4.9', 'NA'),
('Argentina', '8.3', 'SA'),
('Armenia', '3.8', 'EU'),
('Australia', '10.4', 'OC'),
('Austria', '9.7', 'EU'),
('Azerbaijan', '1.3', 'EU'),
('Bahamas', '6.3', 'NA'),
('Bahrain', '2.0', 'AS'),
('Bangladesh', '0.0', 'AS'),
('Barbados', '6.3', 'NA'),
('Belarus', '14.4', 'EU'),
('Belgium', '10.5', 'EU'),
('Belize', '6.8', 'NA'),
('Benin', '1.1', 'AF'),
('Bhutan', '0.4', 'AS'),
('Bolivia', '3.8', 'SA'),
('Bosnia-Herzegovina', '4.6', 'EU'),
('Botswana', '5.4', 'AF'),
('Brazil', '7.2', 'SA'),
('Brunei', '0.6', 'AS'),
('Bulgaria', '10.3', 'EU'),
('Burkina Faso', '4.3', 'AF'),
('Burundi', '6.3', 'AF'),
('Cabo Verde', '4.0', 'AF'),
('Cambodia', '2.2', 'AS'),
('Cameroon', '5.8', 'AF'),
('Canada', '8.2', 'NA'),
('Central African Republic', '1.8', 'AF'),
('Chad', '0.4', 'AF'),
('Chile', '7.6', 'SA'),
('China', '5.0', 'AS'),
('Colombia', '4.2', 'SA'),
('Comoros', '0.1', 'AF'),
('Congo', '1.7', 'AF'),
('Cook Islands', '5.9', 'OC'),
('Costa Rica', '4.4', 'NA'),
('Cote d\'Ivoire', '4.0', 'AF'),
('Croatia', '10.2', 'EU'),
('Cuba', '4.2', 'NA'),
('Cyprus', '8.2', 'EU'),
('Czech Republic', '11.8', 'EU'),
('Denmark', '10.4', 'EU'),
('Djibouti', '1.1', 'AF'),
('Dominica', '6.6', 'NA'),
('Dominican Republic', '6.2', 'NA'),
('DR Congo', '2.3', 'AF'),
('Ecuador', '4.2', 'SA'),
('Egypt', '0.2', 'AF'),
('El Salvador', '2.2', 'NA'),
('Equatorial Guinea', '5.8', 'AF'),
('Eritrea', '0.5', 'AF'),
('Estonia', '9.5', 'EU'),
('Ethiopia', '0.7', 'AF'),
('Fiji', '2.0', 'OC'),
('Finland', '10.0', 'EU'),
('France', '11.8', 'EU'),
('Gabon', '8.9', 'AF'),
('Gambia', '2.4', 'AF'),
('Georgia', '5.4', 'EU'),
('Germany', '11.3', 'EU'),
('Ghana', '1.8', 'AF'),
('Greece', '8.3', 'EU'),
('Grenada', '11.9', 'NA'),
('Guatemala', '2.2', 'NA'),
('Guinea', '0.2', 'AF'),
('Guinea-Bissau', '2.5', 'AF'),
('Guyana', '7.1', 'SA'),
('Haiti', '5.9', 'NA'),
('Honduras', '3.0', 'NA'),
('Hungary', '11.3', 'EU'),
('Iceland', '6.6', 'EU'),
('India', '2.2', 'AS'),
('Indonesia', '0.1', 'AS'),
('Iran', '0.0', 'AS'),
('Iraq', '0.2', 'AS'),
('Ireland', '11.4', 'EU'),
('Israel', '2.5', 'AS'),
('Italy', '6.5', 'EU'),
('Jamaica', '3.4', 'NA'),
('Japan', '7.0', 'AS'),
('Jordan', '0.5', 'AS'),
('Kazakhstan', '6.8', 'AS'),
('Kenya', '1.8', 'AF'),
('Kiribati', '1.0', 'OC'),
('Kuwait', '0.0', 'AS'),
('Kyrgyzstan', '2.4', 'AS'),
('Laos', '6.2', 'AS'),
('Latvia', '10.5', 'EU'),
('Lebanon', '1.9', 'AS'),
('Lesotho', '2.8', 'AF'),
('Liberia', '3.1', 'AF'),
('Libya', '0.0', 'AF'),
('Lithuania', '12.9', 'EU'),
('Luxembourg', '11.4', 'EU'),
('Macedonia', '3.9', 'EU'),
('Madagascar', '0.8', 'AF'),
('Malawi', '1.5', 'AF'),
('Malaysia', '0.3', 'AS'),
('Maldives', '0.0', 'AS'),
('Mali', '0.6', 'AF'),
('Malta', '6.6', 'EU'),
('Marshall Islands', '0.0', 'OC'),
('Mauritania', '0.0', 'AF'),
('Mauritius', '2.6', 'AF'),
('Mexico', '5.5', 'NA'),
('Micronesia', '2.3', 'OC'),
('Moldova', '6.3', 'EU'),
('Monaco', '0.0', 'EU'),
('Mongolia', '4.9', 'AS'),
('Montenegro', '4.9', 'EU'),
('Morocco', '0.5', 'AF'),
('Mozambique', '1.3', 'AF'),
('Myanmar', '0.1', 'AS'),
('Namibia', '6.8', 'AF'),
('Nauru', '1.0', 'OC'),
('Nepal', '0.2', 'AS'),
('Netherlands', '9.4', 'EU'),
('New Zealand', '9.3', 'OC'),
('Nicaragua', '3.5', 'NA'),
('Niger', '0.1', 'AF'),
('Nigeria', '9.1', 'AF'),
('Niue', '7.0', 'OC'),
('North Korea', '0.0', 'AS'),
('Norway', '6.7', 'EU'),
('Oman', '0.7', 'AS'),
('Pakistan', '0.0', 'AS'),
('Palau', '6.9', 'OC'),
('Panama', '7.2', 'NA'),
('Papua New Guinea', '1.5', 'OC'),
('Paraguay', '7.3', 'SA'),
('Peru', '6.1', 'SA'),
('Philippines', '4.6', 'AS'),
('Poland', '10.9', 'EU'),
('Portugal', '11.0', 'EU'),
('Qatar', '0.9', 'AS'),
('Ramon', '8.9', 'EU'),
('Romania', '10.4', 'EU'),
('Russia', '11.5', 'AS'),
('Rwanda', '6.8', 'AF'),
('Samoa', '2.6', 'OC'),
('San Marino', '0.0', 'EU'),
('Sao Tome & Principe', '4.2', 'AF'),
('Saudi Arabia', '0.1', 'AS'),
('Senegal', '0.3', 'AF'),
('Serbia', '9.6', 'EU'),
('Seychelles', '4.1', 'AF'),
('Sierra Leone', '6.7', 'AF'),
('Singapore', '1.5', 'AS'),
('Slovakia', '11.4', 'EU'),
('Slovenia', '10.6', 'EU'),
('Solomon Islands', '1.2', 'OC'),
('Somalia', '0.0', 'AF'),
('South Africa', '8.2', 'AF'),
('South Korea', '9.8', 'AS'),
('Spain', '10.0', 'EU'),
('Sri Lanka', '2.2', 'AS'),
('St. Kitts & Nevis', '7.7', 'NA'),
('St. Lucia', '10.1', 'NA'),
('St. Vincent & the Grenadines', '6.3', 'NA'),
('Sudan', '1.7', 'AF'),
('Suriname', '5.6', 'SA'),
('Swaziland', '4.7', 'AF'),
('Sweden', '7.2', 'EU'),
('Switzerland', '10.2', 'EU'),
('Syria', '1.0', 'AS'),
('Tajikistan', '0.3', 'AS'),
('Tanzania', '5.7', 'AF'),
('Thailand', '6.4', 'AS'),
('Timor-Leste', '0.1', 'AS'),
('Togo', '1.3', 'AF'),
('Tonga', '1.1', 'OC'),
('Trinidad & Tobago', '6.4', 'NA'),
('Tunisia', '1.3', 'AF'),
('Turkey', '1.4', 'AS'),
('Turkmenistan', '2.2', 'AS'),
('Tuvalu', '1.0', 'OC'),
('Uganda', '8.3', 'AF'),
('Ukraine', '8.9', 'EU'),
('United Arab Emirates', '2.8', 'AS'),
('United Kingdom', '10.4', 'EU'),
('Uruguay', '6.6', 'SA'),
('USA', '8.7', 'NA'),
('Uzbekistan', '2.4', 'AS'),
('Vanuatu', '0.9', 'OC'),
('Venezuela', '7.7', 'SA'),
('Vietnam', '2.0', 'AS'),
('Yemen', '0.1', 'AS'),
('Zambia', '2.5', 'AF'),
('Zimbabwe', '4.7', 'AF');

-- --------------------------------------------------------

--
-- Table structure for table `continents`
--

CREATE TABLE `continents` (
  `CODE` char(2) NOT NULL,
  `CONTINENT_NAME` varchar(255) DEFAULT NULL
) ENGINE=InnoDB DEFAULT CHARSET=utf8mb4;

--
-- Dumping data for table `continents`
--

INSERT INTO `continents` (`CODE`, `CONTINENT_NAME`) VALUES
('AF', 'Africa'),
('AN', 'Antarctica'),
('AS', 'Asia'),
('EU', 'Europe'),
('NA', 'North America'),
('OC', 'Oceania'),
('SA', 'South America');

-- --------------------------------------------------------

--
-- Table structure for table `countries`
--

CREATE TABLE `countries` (
  `CODE` char(2) NOT NULL,
  `COUNTRY_NAME` varchar(255) DEFAULT NULL,
  `FULL_NAME` varchar(255) NOT NULL,
  `ISO3` char(3) NOT NULL,
  `COUNTRY_NUMBER` int(3) NOT NULL,
  `CONTINENT_CODE` char(2) NOT NULL
) ENGINE=InnoDB DEFAULT CHARSET=utf8mb4;

--
-- Dumping data for table `countries`
--

INSERT INTO `countries` (`CODE`, `COUNTRY_NAME`, `FULL_NAME`, `ISO3`, `COUNTRY_NUMBER`, `CONTINENT_CODE`) VALUES
('AD', 'Andorra', 'Principality of Andorra', 'AND', 20, 'EU'),
('AE', 'United Arab Emirates', 'United Arab Emirates', 'ARE', 784, 'AS'),
('AF', 'Afghanistan', 'Islamic Republic of Afghanistan', 'AFG', 4, 'AS'),
('AG', 'Antigua and Barbuda', 'Antigua and Barbuda', 'ATG', 28, 'NA'),
('AI', 'Anguilla', 'Anguilla', 'AIA', 660, 'NA'),
('AL', 'Albania', 'Republic of Albania', 'ALB', 8, 'EU'),
('AM', 'Armenia', 'Republic of Armenia', 'ARM', 51, 'AS'),
('AO', 'Angola', 'Republic of Angola', 'AGO', 24, 'AF'),
('AQ', 'Antarctica', 'Antarctica (the territory South of 60 deg S)', 'ATA', 10, 'AN'),
('AR', 'Argentina', 'Argentine Republic', 'ARG', 32, 'SA'),
('AS', 'American Samoa', 'American Samoa', 'ASM', 16, 'OC'),
('AT', 'Austria', 'Republic of Austria', 'AUT', 40, 'EU'),
('AU', 'Australia', 'Commonwealth of Australia', 'AUS', 36, 'OC'),
('AW', 'Aruba', 'Aruba', 'ABW', 533, 'NA'),
('AX', 'Åland Islands', 'Åland Islands', 'ALA', 248, 'EU'),
('AZ', 'Azerbaijan', 'Republic of Azerbaijan', 'AZE', 31, 'AS'),
('BA', 'Bosnia and Herzegovina', 'Bosnia and Herzegovina', 'BIH', 70, 'EU'),
('BB', 'Barbados', 'Barbados', 'BRB', 52, 'NA'),
('BD', 'Bangladesh', 'People\'s Republic of Bangladesh', 'BGD', 50, 'AS'),
('BE', 'Belgium', 'Kingdom of Belgium', 'BEL', 56, 'EU'),
('BF', 'Burkina Faso', 'Burkina Faso', 'BFA', 854, 'AF'),
('BG', 'Bulgaria', 'Republic of Bulgaria', 'BGR', 100, 'EU'),
('BH', 'Bahrain', 'Kingdom of Bahrain', 'BHR', 48, 'AS'),
('BI', 'Burundi', 'Republic of Burundi', 'BDI', 108, 'AF'),
('BJ', 'Benin', 'Republic of Benin', 'BEN', 204, 'AF'),
('BL', 'Saint Barthélemy', 'Saint Barthélemy', 'BLM', 652, 'NA'),
('BM', 'Bermuda', 'Bermuda', 'BMU', 60, 'NA'),
('BN', 'Brunei Darussalam', 'Brunei Darussalam', 'BRN', 96, 'AS'),
('BO', 'Bolivia', 'Plurinational State of Bolivia', 'BOL', 68, 'SA'),
('BQ', 'Bonaire, Sint Eustatius and Saba', 'Bonaire, Sint Eustatius and Saba', 'BES', 535, 'NA'),
('BR', 'Brazil', 'Federative Republic of Brazil', 'BRA', 76, 'SA'),
('BS', 'Bahamas', 'Commonwealth of the Bahamas', 'BHS', 44, 'NA'),
('BT', 'Bhutan', 'Kingdom of Bhutan', 'BTN', 64, 'AS'),
('BV', 'Bouvet Island (Bouvetoya)', 'Bouvet Island (Bouvetoya)', 'BVT', 74, 'AN'),
('BW', 'Botswana', 'Republic of Botswana', 'BWA', 72, 'AF'),
('BY', 'Belarus', 'Republic of Belarus', 'BLR', 112, 'EU'),
('BZ', 'Belize', 'Belize', 'BLZ', 84, 'NA'),
('CA', 'Canada', 'Canada', 'CAN', 124, 'NA'),
('CC', 'Cocos (Keeling) Islands', 'Cocos (Keeling) Islands', 'CCK', 166, 'AS'),
('CD', 'Congo', 'Democratic Republic of the Congo', 'COD', 180, 'AF'),
('CF', 'Central African Republic', 'Central African Republic', 'CAF', 140, 'AF'),
('CG', 'Congo', 'Republic of the Congo', 'COG', 178, 'AF'),
('CH', 'Switzerland', 'Swiss Confederation', 'CHE', 756, 'EU'),
('CI', 'Cote d\'Ivoire', 'Republic of Cote d\'Ivoire', 'CIV', 384, 'AF'),
('CK', 'Cook Islands', 'Cook Islands', 'COK', 184, 'OC'),
('CL', 'Chile', 'Republic of Chile', 'CHL', 152, 'SA'),
('CM', 'Cameroon', 'Republic of Cameroon', 'CMR', 120, 'AF'),
('CN', 'China', 'People\'s Republic of China', 'CHN', 156, 'AS'),
('CO', 'Colombia', 'Republic of Colombia', 'COL', 170, 'SA'),
('CR', 'Costa Rica', 'Republic of Costa Rica', 'CRI', 188, 'NA'),
('CU', 'Cuba', 'Republic of Cuba', 'CUB', 192, 'NA'),
('CV', 'Cape Verde', 'Republic of Cape Verde', 'CPV', 132, 'AF'),
('CW', 'Curaçao', 'Curaçao', 'CUW', 531, 'NA'),
('CX', 'Christmas Island', 'Christmas Island', 'CXR', 162, 'AS'),
('CY', 'Cyprus', 'Republic of Cyprus', 'CYP', 196, 'AS'),
('CZ', 'Czech Republic', 'Czech Republic', 'CZE', 203, 'EU'),
('DE', 'Germany', 'Federal Republic of Germany', 'DEU', 276, 'EU'),
('DJ', 'Djibouti', 'Republic of Djibouti', 'DJI', 262, 'AF'),
('DK', 'Denmark', 'Kingdom of Denmark', 'DNK', 208, 'EU'),
('DM', 'Dominica', 'Commonwealth of Dominica', 'DMA', 212, 'NA'),
('DO', 'Dominican Republic', 'Dominican Republic', 'DOM', 214, 'NA'),
('DZ', 'Algeria', 'People\'s Democratic Republic of Algeria', 'DZA', 12, 'AF'),
('EC', 'Ecuador', 'Republic of Ecuador', 'ECU', 218, 'SA'),
('EE', 'Estonia', 'Republic of Estonia', 'EST', 233, 'EU'),
('EG', 'Egypt', 'Arab Republic of Egypt', 'EGY', 818, 'AF'),
('EH', 'Western Sahara', 'Western Sahara', 'ESH', 732, 'AF'),
('ER', 'Eritrea', 'State of Eritrea', 'ERI', 232, 'AF'),
('ES', 'Spain', 'Kingdom of Spain', 'ESP', 724, 'EU'),
('ET', 'Ethiopia', 'Federal Democratic Republic of Ethiopia', 'ETH', 231, 'AF'),
('FI', 'Finland', 'Republic of Finland', 'FIN', 246, 'EU'),
('FJ', 'Fiji', 'Republic of Fiji', 'FJI', 242, 'OC'),
('FK', 'Falkland Islands (Malvinas)', 'Falkland Islands (Malvinas)', 'FLK', 238, 'SA'),
('FM', 'Micronesia', 'Federated States of Micronesia', 'FSM', 583, 'OC'),
('FO', 'Faroe Islands', 'Faroe Islands', 'FRO', 234, 'EU'),
('FR', 'France', 'French Republic', 'FRA', 250, 'EU'),
('GA', 'Gabon', 'Gabonese Republic', 'GAB', 266, 'AF'),
('GB', 'United Kingdom of Great Britain & Northern Ireland', 'United Kingdom of Great Britain & Northern Ireland', 'GBR', 826, 'EU'),
('GD', 'Grenada', 'Grenada', 'GRD', 308, 'NA'),
('GE', 'Georgia', 'Georgia', 'GEO', 268, 'AS'),
('GF', 'French Guiana', 'French Guiana', 'GUF', 254, 'SA'),
('GG', 'Guernsey', 'Bailiwick of Guernsey', 'GGY', 831, 'EU'),
('GH', 'Ghana', 'Republic of Ghana', 'GHA', 288, 'AF'),
('GI', 'Gibraltar', 'Gibraltar', 'GIB', 292, 'EU'),
('GL', 'Greenland', 'Greenland', 'GRL', 304, 'NA'),
('GM', 'Gambia', 'Republic of the Gambia', 'GMB', 270, 'AF'),
('GN', 'Guinea', 'Republic of Guinea', 'GIN', 324, 'AF'),
('GP', 'Guadeloupe', 'Guadeloupe', 'GLP', 312, 'NA'),
('GQ', 'Equatorial Guinea', 'Republic of Equatorial Guinea', 'GNQ', 226, 'AF'),
('GR', 'Greece', 'Hellenic Republic Greece', 'GRC', 300, 'EU'),
('GS', 'South Georgia and the South Sandwich Islands', 'South Georgia and the South Sandwich Islands', 'SGS', 239, 'AN'),
('GT', 'Guatemala', 'Republic of Guatemala', 'GTM', 320, 'NA'),
('GU', 'Guam', 'Guam', 'GUM', 316, 'OC'),
('GW', 'Guinea-Bissau', 'Republic of Guinea-Bissau', 'GNB', 624, 'AF'),
('GY', 'Guyana', 'Co-operative Republic of Guyana', 'GUY', 328, 'SA'),
('HK', 'Hong Kong', 'Hong Kong Special Administrative Region of China', 'HKG', 344, 'AS'),
('HM', 'Heard Island and McDonald Islands', 'Heard Island and McDonald Islands', 'HMD', 334, 'AN'),
('HN', 'Honduras', 'Republic of Honduras', 'HND', 340, 'NA'),
('HR', 'Croatia', 'Republic of Croatia', 'HRV', 191, 'EU'),
('HT', 'Haiti', 'Republic of Haiti', 'HTI', 332, 'NA'),
('HU', 'Hungary', 'Hungary', 'HUN', 348, 'EU'),
('ID', 'Indonesia', 'Republic of Indonesia', 'IDN', 360, 'AS'),
('IE', 'Ireland', 'Ireland', 'IRL', 372, 'EU'),
('IL', 'Israel', 'State of Israel', 'ISR', 376, 'AS'),
('IM', 'Isle of Man', 'Isle of Man', 'IMN', 833, 'EU'),
('IN', 'India', 'Republic of India', 'IND', 356, 'AS'),
('IO', 'British Indian Ocean Territory (Chagos Archipelago)', 'British Indian Ocean Territory (Chagos Archipelago)', 'IOT', 86, 'AS'),
('IQ', 'Iraq', 'Republic of Iraq', 'IRQ', 368, 'AS'),
('IR', 'Iran', 'Islamic Republic of Iran', 'IRN', 364, 'AS'),
('IS', 'Iceland', 'Republic of Iceland', 'ISL', 352, 'EU'),
('IT', 'Italy', 'Italian Republic', 'ITA', 380, 'EU'),
('JE', 'Jersey', 'Bailiwick of Jersey', 'JEY', 832, 'EU'),
('JM', 'Jamaica', 'Jamaica', 'JAM', 388, 'NA'),
('JO', 'Jordan', 'Hashemite Kingdom of Jordan', 'JOR', 400, 'AS'),
('JP', 'Japan', 'Japan', 'JPN', 392, 'AS'),
('KE', 'Kenya', 'Republic of Kenya', 'KEN', 404, 'AF'),
('KG', 'Kyrgyz Republic', 'Kyrgyz Republic', 'KGZ', 417, 'AS'),
('KH', 'Cambodia', 'Kingdom of Cambodia', 'KHM', 116, 'AS'),
('KI', 'Kiribati', 'Republic of Kiribati', 'KIR', 296, 'OC'),
('KM', 'Comoros', 'Union of the Comoros', 'COM', 174, 'AF'),
('KN', 'Saint Kitts and Nevis', 'Federation of Saint Kitts and Nevis', 'KNA', 659, 'NA'),
('KP', 'Korea', 'Democratic People\'s Republic of Korea', 'PRK', 408, 'AS'),
('KR', 'Korea', 'Republic of Korea', 'KOR', 410, 'AS'),
('KW', 'Kuwait', 'State of Kuwait', 'KWT', 414, 'AS'),
('KY', 'Cayman Islands', 'Cayman Islands', 'CYM', 136, 'NA'),
('KZ', 'Kazakhstan', 'Republic of Kazakhstan', 'KAZ', 398, 'AS'),
('LA', 'Lao People\'s Democratic Republic', 'Lao People\'s Democratic Republic', 'LAO', 418, 'AS'),
('LB', 'Lebanon', 'Lebanese Republic', 'LBN', 422, 'AS'),
('LC', 'Saint Lucia', 'Saint Lucia', 'LCA', 662, 'NA'),
('LI', 'Liechtenstein', 'Principality of Liechtenstein', 'LIE', 438, 'EU'),
('LK', 'Sri Lanka', 'Democratic Socialist Republic of Sri Lanka', 'LKA', 144, 'AS'),
('LR', 'Liberia', 'Republic of Liberia', 'LBR', 430, 'AF'),
('LS', 'Lesotho', 'Kingdom of Lesotho', 'LSO', 426, 'AF'),
('LT', 'Lithuania', 'Republic of Lithuania', 'LTU', 440, 'EU'),
('LU', 'Luxembourg', 'Grand Duchy of Luxembourg', 'LUX', 442, 'EU'),
('LV', 'Latvia', 'Republic of Latvia', 'LVA', 428, 'EU'),
('LY', 'Libya', 'Libya', 'LBY', 434, 'AF'),
('MA', 'Morocco', 'Kingdom of Morocco', 'MAR', 504, 'AF'),
('MC', 'Monaco', 'Principality of Monaco', 'MCO', 492, 'EU'),
('MD', 'Moldova', 'Republic of Moldova', 'MDA', 498, 'EU'),
('ME', 'Montenegro', 'Montenegro', 'MNE', 499, 'EU'),
('MF', 'Saint Martin', 'Saint Martin (French part)', 'MAF', 663, 'NA'),
('MG', 'Madagascar', 'Republic of Madagascar', 'MDG', 450, 'AF'),
('MH', 'Marshall Islands', 'Republic of the Marshall Islands', 'MHL', 584, 'OC'),
('MK', 'Macedonia', 'Republic of Macedonia', 'MKD', 807, 'EU'),
('ML', 'Mali', 'Republic of Mali', 'MLI', 466, 'AF'),
('MM', 'Myanmar', 'Republic of the Union of Myanmar', 'MMR', 104, 'AS'),
('MN', 'Mongolia', 'Mongolia', 'MNG', 496, 'AS'),
('MO', 'Macao', 'Macao Special Administrative Region of China', 'MAC', 446, 'AS'),
('MP', 'Northern Mariana Islands', 'Commonwealth of the Northern Mariana Islands', 'MNP', 580, 'OC'),
('MQ', 'Martinique', 'Martinique', 'MTQ', 474, 'NA'),
('MR', 'Mauritania', 'Islamic Republic of Mauritania', 'MRT', 478, 'AF'),
('MS', 'Montserrat', 'Montserrat', 'MSR', 500, 'NA'),
('MT', 'Malta', 'Republic of Malta', 'MLT', 470, 'EU'),
('MU', 'Mauritius', 'Republic of Mauritius', 'MUS', 480, 'AF'),
('MV', 'Maldives', 'Republic of Maldives', 'MDV', 462, 'AS'),
('MW', 'Malawi', 'Republic of Malawi', 'MWI', 454, 'AF'),
('MX', 'Mexico', 'United Mexican States', 'MEX', 484, 'NA'),
('MY', 'Malaysia', 'Malaysia', 'MYS', 458, 'AS'),
('MZ', 'Mozambique', 'Republic of Mozambique', 'MOZ', 508, 'AF'),
('NA', 'Namibia', 'Republic of Namibia', 'NAM', 516, 'AF'),
('NC', 'New Caledonia', 'New Caledonia', 'NCL', 540, 'OC'),
('NE', 'Niger', 'Republic of Niger', 'NER', 562, 'AF'),
('NF', 'Norfolk Island', 'Norfolk Island', 'NFK', 574, 'OC'),
('NG', 'Nigeria', 'Federal Republic of Nigeria', 'NGA', 566, 'AF'),
('NI', 'Nicaragua', 'Republic of Nicaragua', 'NIC', 558, 'NA'),
('NL', 'Netherlands', 'Kingdom of the Netherlands', 'NLD', 528, 'EU'),
('NO', 'Norway', 'Kingdom of Norway', 'NOR', 578, 'EU'),
('NP', 'Nepal', 'Federal Democratic Republic of Nepal', 'NPL', 524, 'AS'),
('NR', 'Nauru', 'Republic of Nauru', 'NRU', 520, 'OC'),
('NU', 'Niue', 'Niue', 'NIU', 570, 'OC'),
('NZ', 'New Zealand', 'New Zealand', 'NZL', 554, 'OC'),
('OM', 'Oman', 'Sultanate of Oman', 'OMN', 512, 'AS'),
('PA', 'Panama', 'Republic of Panama', 'PAN', 591, 'NA'),
('PE', 'Peru', 'Republic of Peru', 'PER', 604, 'SA'),
('PF', 'French Polynesia', 'French Polynesia', 'PYF', 258, 'OC'),
('PG', 'Papua New Guinea', 'Independent State of Papua New Guinea', 'PNG', 598, 'OC'),
('PH', 'Philippines', 'Republic of the Philippines', 'PHL', 608, 'AS'),
('PK', 'Pakistan', 'Islamic Republic of Pakistan', 'PAK', 586, 'AS'),
('PL', 'Poland', 'Republic of Poland', 'POL', 616, 'EU'),
('PM', 'Saint Pierre and Miquelon', 'Saint Pierre and Miquelon', 'SPM', 666, 'NA'),
('PN', 'Pitcairn Islands', 'Pitcairn Islands', 'PCN', 612, 'OC'),
('PR', 'Puerto Rico', 'Commonwealth of Puerto Rico', 'PRI', 630, 'NA'),
('PS', 'Palestine', 'State of Palestine', 'PSE', 275, 'AS'),
('PT', 'Portugal', 'Portuguese Republic', 'PRT', 620, 'EU'),
('PW', 'Palau', 'Republic of Palau', 'PLW', 585, 'OC'),
('PY', 'Paraguay', 'Republic of Paraguay', 'PRY', 600, 'SA'),
('QA', 'Qatar', 'State of Qatar', 'QAT', 634, 'AS'),
('RA', 'Ramo', 'RamonLand', 'RAM', 0, 'EU'),
('RE', 'Réunion', 'Réunion', 'REU', 638, 'AF'),
('RO', 'Romania', 'Romania', 'ROU', 642, 'EU'),
('RQ', 'Ramon', 'RamonLand', 'RAM', 2000, 'EU'),
('RS', 'Serbia', 'Republic of Serbia', 'SRB', 688, 'EU'),
('RU', 'Russian Federation', 'Russian Federation', 'RUS', 643, 'EU'),
('RW', 'Rwanda', 'Republic of Rwanda', 'RWA', 646, 'AF'),
('SA', 'Saudi Arabia', 'Kingdom of Saudi Arabia', 'SAU', 682, 'AS'),
('SB', 'Solomon Islands', 'Solomon Islands', 'SLB', 90, 'OC'),
('SC', 'Seychelles', 'Republic of Seychelles', 'SYC', 690, 'AF'),
('SD', 'Sudan', 'Republic of Sudan', 'SDN', 729, 'AF'),
('SE', 'Sweden', 'Kingdom of Sweden', 'SWE', 752, 'EU'),
('SG', 'Singapore', 'Republic of Singapore', 'SGP', 702, 'AS'),
('SH', 'Saint Helena, Ascension and Tristan da Cunha', 'Saint Helena, Ascension and Tristan da Cunha', 'SHN', 654, 'AF'),
('SI', 'Slovenia', 'Republic of Slovenia', 'SVN', 705, 'EU'),
('SJ', 'Svalbard & Jan Mayen Islands', 'Svalbard & Jan Mayen Islands', 'SJM', 744, 'EU'),
('SK', 'Slovakia (Slovak Republic)', 'Slovakia (Slovak Republic)', 'SVK', 703, 'EU'),
('SL', 'Sierra Leone', 'Republic of Sierra Leone', 'SLE', 694, 'AF'),
('SM', 'San Marino', 'Republic of San Marino', 'SMR', 674, 'EU'),
('SN', 'Senegal', 'Republic of Senegal', 'SEN', 686, 'AF'),
('SO', 'Somalia', 'Federal Republic of Somalia', 'SOM', 706, 'AF'),
('SR', 'Suriname', 'Republic of Suriname', 'SUR', 740, 'SA'),
('SS', 'South Sudan', 'Republic of South Sudan', 'SSD', 728, 'AF'),
('ST', 'Sao Tome and Principe', 'Democratic Republic of Sao Tome and Principe', 'STP', 678, 'AF'),
('SV', 'El Salvador', 'Republic of El Salvador', 'SLV', 222, 'NA'),
('SX', 'Sint Maarten (Dutch part)', 'Sint Maarten (Dutch part)', 'SXM', 534, 'NA'),
('SY', 'Syrian Arab Republic', 'Syrian Arab Republic', 'SYR', 760, 'AS'),
('SZ', 'Swaziland', 'Kingdom of Swaziland', 'SWZ', 748, 'AF'),
('TC', 'Turks and Caicos Islands', 'Turks and Caicos Islands', 'TCA', 796, 'NA'),
('TD', 'Chad', 'Republic of Chad', 'TCD', 148, 'AF'),
('TF', 'French Southern Territories', 'French Southern Territories', 'ATF', 260, 'AN'),
('TG', 'Togo', 'Togolese Republic', 'TGO', 768, 'AF'),
('TH', 'Thailand', 'Kingdom of Thailand', 'THA', 764, 'AS'),
('TJ', 'Tajikistan', 'Republic of Tajikistan', 'TJK', 762, 'AS'),
('TK', 'Tokelau', 'Tokelau', 'TKL', 772, 'OC'),
('TL', 'Timor-Leste', 'Democratic Republic of Timor-Leste', 'TLS', 626, 'AS'),
('TM', 'Turkmenistan', 'Turkmenistan', 'TKM', 795, 'AS'),
('TN', 'Tunisia', 'Tunisian Republic', 'TUN', 788, 'AF'),
('TO', 'Tonga', 'Kingdom of Tonga', 'TON', 776, 'OC'),
('TR', 'Turkey', 'Republic of Turkey', 'TUR', 792, 'AS'),
('TT', 'Trinidad and Tobago', 'Republic of Trinidad and Tobago', 'TTO', 780, 'NA'),
('TV', 'Tuvalu', 'Tuvalu', 'TUV', 798, 'OC'),
('TW', 'Taiwan', 'Taiwan, Province of China', 'TWN', 158, 'AS'),
('TZ', 'Tanzania', 'United Republic of Tanzania', 'TZA', 834, 'AF'),
('UA', 'Ukraine', 'Ukraine', 'UKR', 804, 'EU'),
('UG', 'Uganda', 'Republic of Uganda', 'UGA', 800, 'AF'),
('UM', 'United States Minor Outlying Islands', 'United States Minor Outlying Islands', 'UMI', 581, 'OC'),
('un', 'Ramo', 'RamonLand', 'RAM', 2000, 'EU'),
('US', 'United States of America', 'United States of America', 'USA', 840, 'NA'),
('UY', 'Uruguay', 'Eastern Republic of Uruguay', 'URY', 858, 'SA'),
('UZ', 'Uzbekistan', 'Republic of Uzbekistan', 'UZB', 860, 'AS'),
('VA', 'Holy See (Vatican City State)', 'Holy See (Vatican City State)', 'VAT', 336, 'EU'),
('VC', 'Saint Vincent and the Grenadines', 'Saint Vincent and the Grenadines', 'VCT', 670, 'NA'),
('VE', 'Venezuela', 'Bolivarian Republic of Venezuela', 'VEN', 862, 'SA'),
('VG', 'British Virgin Islands', 'British Virgin Islands', 'VGB', 92, 'NA'),
('VI', 'United States Virgin Islands', 'United States Virgin Islands', 'VIR', 850, 'NA'),
('VN', 'Vietnam', 'Socialist Republic of Vietnam', 'VNM', 704, 'AS'),
('VU', 'Vanuatu', 'Republic of Vanuatu', 'VUT', 548, 'OC'),
('WF', 'Wallis and Futuna', 'Wallis and Futuna', 'WLF', 876, 'OC'),
('WS', 'Samoa', 'Independent State of Samoa', 'WSM', 882, 'OC'),
('YE', 'Yemen', 'Yemen', 'YEM', 887, 'AS'),
('YT', 'Mayotte', 'Mayotte', 'MYT', 175, 'AF'),
('ZA', 'South Africa', 'Republic of South Africa', 'ZAF', 710, 'AF'),
('ZM', 'Zambia', 'Republic of Zambia', 'ZMB', 894, 'AF'),
('ZW', 'Zimbabwe', 'Republic of Zimbabwe', 'ZWE', 716, 'AF');

-- --------------------------------------------------------

--
-- Table structure for table `depression`
--

CREATE TABLE `depression` (
  `Country` varchar(48) NOT NULL,
  `Code` varchar(8) DEFAULT NULL,
  `Year` int(11) NOT NULL,
  `Depression` decimal(18,16) NOT NULL
) ENGINE=InnoDB DEFAULT CHARSET=latin1;

--
-- Dumping data for table `depression`
--

INSERT INTO `depression` (`Country`, `Code`, `Year`, `Depression`) VALUES
('Afghanistan', 'AFG', 2017, '4.1363471002800000'),
('Albania', 'ALB', 2017, '2.2084141982400000'),
('Algeria', 'DZA', 2017, '3.6610944960500000'),
('American Samoa', 'ASM', 2017, '2.9396680612400000'),
('Andean Latin America', NULL, 2017, '2.6103851171300000'),
('Andorra', 'AND', 2017, '3.7295316861200000'),
('Angola', 'AGO', 2017, '4.1604841972800000'),
('Antigua and Barbuda', 'ATG', 2017, '2.5579630523800000'),
('Argentina', 'ARG', 2017, '3.6654882718999997'),
('Armenia', 'ARM', 2017, '2.7545826961600000'),
('Australasia', NULL, 2017, '4.5246886162300000'),
('Australia', 'AUS', 2017, '4.6238809860700005'),
('Austria', 'AUT', 2017, '3.2609699942000000'),
('Azerbaijan', 'AZE', 2017, '2.5922929621700000'),
('Bahamas', 'BHS', 2017, '2.6266330554300000'),
('Bahrain', 'BHR', 2017, '3.8791051528400000'),
('Bangladesh', 'BGD', 2017, '4.1106113099899995'),
('Barbados', 'BRB', 2017, '2.7633222036200000'),
('Belarus', 'BLR', 2017, '4.0222260831200000'),
('Belgium', 'BEL', 2017, '4.1091861547600000'),
('Belize', 'BLZ', 2017, '2.8386668082100000'),
('Benin', 'BEN', 2017, '3.6298989891400000'),
('Bermuda', 'BMU', 2017, '2.8262925466000000'),
('Bhutan', 'BTN', 2017, '3.4393337382199998'),
('Bolivia', 'BOL', 2017, '3.0859047932400000'),
('Bosnia and Herzegovina', 'BIH', 2017, '2.3196099561000003'),
('Botswana', 'BWA', 2017, '3.9681294565500000'),
('Brazil', 'BRA', 2017, '3.2973675900100003'),
('Brunei', 'BRN', 2017, '2.5619829066700000'),
('Bulgaria', 'BGR', 2017, '2.5431406911400000'),
('Burkina Faso', 'BFA', 2017, '3.6942535918000000'),
('Burundi', 'BDI', 2017, '3.7212277063200000'),
('Cambodia', 'KHM', 2017, '3.0949452969799998'),
('Cameroon', 'CMR', 2017, '3.7456465424400003'),
('Canada', 'CAN', 2017, '3.9887920734500004'),
('Cape Verde', 'CPV', 2017, '4.0824512356800000'),
('Caribbean', NULL, 2017, '3.0650589657600000'),
('Central African Republic', 'CAF', 2017, '4.2117282286000000'),
('Central Asia', NULL, 2017, '2.9691200162700000'),
('Central Europe', NULL, 2017, '2.4387128601800000'),
('Central Europe, Eastern Europe, and Central Asia', NULL, 2017, '3.2436744811400000'),
('Central Latin America', NULL, 2017, '2.6977788773899998'),
('Central Sub-Saharan Africa', NULL, 2017, '4.0179246558700000'),
('Chad', 'TCD', 2017, '3.8748374386900000'),
('Chile', 'CHL', 2017, '4.0577231419999995'),
('China', 'CHN', 2017, '3.3113058974999996'),
('Colombia', 'COL', 2017, '2.1961541158799998'),
('Comoros', 'COM', 2017, '3.3301143133100000'),
('Congo', 'COG', 2017, '4.0082907915200000'),
('Costa Rica', 'CRI', 2017, '2.9047875334400000'),
('Cote d\'Ivoire', 'CIV', 2017, '3.3379889042800004'),
('Croatia', 'HRV', 2017, '2.7798417323400000'),
('Cuba', 'CUB', 2017, '3.3191309137700000'),
('Cyprus', 'CYP', 2017, '3.3281107901800002'),
('Czech Republic', 'CZE', 2017, '2.6753874662800000'),
('Democratic Republic of Congo', 'COD', 2017, '3.9568717640200000'),
('Denmark', 'DNK', 2017, '3.2918853248200000'),
('Djibouti', 'DJI', 2017, '3.6090101293700000'),
('Dominica', 'DMA', 2017, '2.6296487361600000'),
('Dominican Republic', 'DOM', 2017, '2.9785225264200000'),
('East Asia', NULL, 2017, '3.3020166506899997'),
('Eastern Europe', NULL, 2017, '3.8024393262100000'),
('Eastern Sub-Saharan Africa', NULL, 2017, '3.8243049012399997'),
('Ecuador', 'ECU', 2017, '2.9771172582200000'),
('Egypt', 'EGY', 2017, '3.2381818516800000'),
('El Salvador', 'SLV', 2017, '3.0258872165700000'),
('England', NULL, 2017, '4.1193920471300000'),
('Equatorial Guinea', 'GNQ', 2017, '4.1670899855100005'),
('Eritrea', 'ERI', 2017, '3.8673767029299997'),
('Estonia', 'EST', 2017, '3.8488542112300004'),
('Ethiopia', 'ETH', 2017, '3.8162659691000003'),
('Fiji', 'FJI', 2017, '3.1718980985300003'),
('Finland', 'FIN', 2017, '4.7927356062600000'),
('France', 'FRA', 2017, '4.2538072627700000'),
('Gabon', 'GAB', 2017, '4.0490290340600000'),
('Gambia', 'GMB', 2017, '4.1585174577599995'),
('Georgia', 'GEO', 2017, '2.7973786632500000'),
('Germany', 'DEU', 2017, '3.9598660918400004'),
('Ghana', 'GHA', 2017, '3.3966466890300000'),
('Greece', 'GRC', 2017, '4.1858636991900000'),
('Greenland', 'GRL', 2017, '6.2336348855100000'),
('Grenada', 'GRD', 2017, '2.7700656246900000'),
('Guam', 'GUM', 2017, '3.4928555242800003'),
('Guatemala', 'GTM', 2017, '3.2160251686800000'),
('Guinea', 'GIN', 2017, '3.5609329110700000'),
('Guinea-Bissau', 'GNB', 2017, '3.6654303936200000'),
('Guyana', 'GUY', 2017, '4.1417236207300000'),
('Haiti', 'HTI', 2017, '2.9577820929200000'),
('High SDI', NULL, 2017, '3.9420071040900000'),
('High-income', NULL, 2017, '4.1164858902600000'),
('High-income Asia Pacific', NULL, 2017, '3.2709899415000000'),
('High-middle SDI', NULL, 2017, '3.5684982567900003'),
('Honduras', 'HND', 2017, '2.7523011249100002'),
('Hungary', 'HUN', 2017, '2.7652421785700003'),
('Iceland', 'ISL', 2017, '3.3616652116799997'),
('India', 'IND', 2017, '3.5298525966799996'),
('Indonesia', 'IDN', 2017, '2.6427356751400000'),
('Iran', 'IRN', 2017, '5.1163446291500000'),
('Iraq', 'IRQ', 2017, '3.8911628866300000'),
('Ireland', 'IRL', 2017, '4.2509209974200000'),
('Israel', 'ISR', 2017, '3.8322207094000000'),
('Italy', 'ITA', 2017, '3.4642561165499997'),
('Jamaica', 'JAM', 2017, '2.5923845527100000'),
('Japan', 'JPN', 2017, '3.3415646310300002'),
('Jordan', 'JOR', 2017, '3.5636022913100000'),
('Kazakhstan', 'KAZ', 2017, '3.5117748794900000'),
('Kenya', 'KEN', 2017, '3.5084185971200000'),
('Kiribati', 'KIR', 2017, '3.1727536324900005'),
('Kuwait', 'KWT', 2017, '3.6356786208400003'),
('Kyrgyzstan', 'KGZ', 2017, '3.0536730275700000'),
('Laos', 'LAO', 2017, '2.9124313662700003'),
('Latin America and Caribbean', NULL, 2017, '2.9463842144800000'),
('Latvia', 'LVA', 2017, '3.4995706624000000'),
('Lebanon', 'LBN', 2017, '3.6767342307100000'),
('Lesotho', 'LSO', 2017, '5.6366607037000000'),
('Liberia', 'LBR', 2017, '3.8030381906999997'),
('Libya', 'LBY', 2017, '3.8047910515599996'),
('Lithuania', 'LTU', 2017, '4.1432544207200000'),
('Low SDI', NULL, 2017, '3.6169992296500000'),
('Low-middle SDI', NULL, 2017, '3.6316103339800003'),
('Luxembourg', 'LUX', 2017, '3.6177186784899997'),
('Macedonia', 'MKD', 2017, '2.3323857526900000'),
('Madagascar', 'MDG', 2017, '3.7085142189500000'),
('Malawi', 'MWI', 2017, '3.4461370206000000'),
('Malaysia', 'MYS', 2017, '3.5208539166000000'),
('Maldives', 'MDV', 2017, '3.0999696864100000'),
('Mali', 'MLI', 2017, '3.0074200191500000'),
('Malta', 'MLT', 2017, '3.3741373317900000'),
('Marshall Islands', 'MHL', 2017, '3.1043473960500000'),
('Mauritania', 'MRT', 2017, '3.0941606819000000'),
('Mauritius', 'MUS', 2017, '3.4785243408200004'),
('Mexico', 'MEX', 2017, '2.7888065701000000'),
('Micronesia (country)', 'FSM', 2017, '3.1346193916000000'),
('Middle SDI', NULL, 2017, '3.1778268191800000'),
('Moldova', 'MDA', 2017, '3.4325492789600003'),
('Mongolia', 'MNG', 2017, '3.5254875169399997'),
('Montenegro', 'MNE', 2017, '2.5586401762800000'),
('Morocco', 'MAR', 2017, '5.4135731849300000'),
('Mozambique', 'MOZ', 2017, '3.9017952262700004'),
('Myanmar', 'MMR', 2017, '2.3009815708900000'),
('Namibia', 'NAM', 2017, '3.4599703671900004'),
('Nepal', 'NPL', 2017, '3.6069385255900000'),
('Netherlands', 'NLD', 2017, '4.0268544034400000'),
('New Zealand', 'NZL', 2017, '3.9712653691499997'),
('Nicaragua', 'NIC', 2017, '2.8540839142800000'),
('Niger', 'NER', 2017, '3.4630552856600003'),
('Nigeria', 'NGA', 2017, '3.9176912866899998'),
('North Africa and Middle East', NULL, 2017, '3.9654095810000000'),
('North America', NULL, 2017, '4.7528015665500005'),
('North Korea', 'PRK', 2017, '3.0908460472500000'),
('Northern Ireland', NULL, 2017, '4.1056209507200000'),
('Northern Mariana Islands', 'MNP', 2017, '3.0970548506900000'),
('Norway', 'NOR', 2017, '3.7719103699500005'),
('Oceania', NULL, 2017, '3.1642649315400000'),
('Oman', 'OMN', 2017, '3.4339505964300000'),
('Pakistan', 'PAK', 2017, '3.3312796427699998'),
('Palestine', 'PSE', 2017, '4.6650736958800000'),
('Panama', 'PAN', 2017, '2.6790253352800000'),
('Papua New Guinea', 'PNG', 2017, '3.1686607771100004'),
('Paraguay', 'PRY', 2017, '2.9588396743200000'),
('Peru', 'PER', 2017, '2.2763210016000000'),
('Philippines', 'PHL', 2017, '2.7651760093900000'),
('Poland', 'POL', 2017, '2.2504718927500003'),
('Portugal', 'PRT', 2017, '4.4214605472300010'),
('Puerto Rico', 'PRI', 2017, '2.7261080651900000'),
('Qatar', 'QAT', 2017, '3.4823271992800000'),
('Romania', 'ROU', 2017, '2.3591735857200002'),
('Russia', 'RUS', 2017, '3.7079249544100000'),
('Rwanda', 'RWA', 2017, '3.8694496279300004'),
('Saint Lucia', 'LCA', 2017, '2.8392683770900000'),
('Saint Vincent and the Grenadines', 'VCT', 2017, '2.8590893967900000'),
('Samoa', 'WSM', 2017, '3.0389380642500003'),
('Sao Tome and Principe', 'STP', 2017, '3.1363137342400003'),
('Saudi Arabia', 'SAU', 2017, '3.5368467282200000'),
('Scotland', NULL, 2017, '4.1610666740400010'),
('Senegal', 'SEN', 2017, '3.3704972075100000'),
('Serbia', 'SRB', 2017, '2.5700681622599997'),
('Seychelles', 'SYC', 2017, '2.8865135967600000'),
('Sierra Leone', 'SLE', 2017, '3.5815013484800000'),
('Singapore', 'SGP', 2017, '3.4382710731299997'),
('Slovakia', 'SVK', 2017, '2.4019985472200000'),
('Slovenia', 'SVN', 2017, '2.8632776644400000'),
('Solomon Islands', 'SLB', 2017, '3.1530679797400000'),
('Somalia', 'SOM', 2017, '3.7847482176600000'),
('South Africa', 'ZAF', 2017, '3.7458708505600000'),
('South Asia', NULL, 2017, '3.5664481016500003'),
('South Korea', 'KOR', 2017, '3.1656839582000003'),
('South Sudan', 'SSD', 2017, '3.6991474287300000'),
('Southeast Asia', NULL, 2017, '2.8072394163500000'),
('Southeast Asia, East Asia, and Oceania', NULL, 2017, '3.1808734756300000'),
('Southern Latin America', NULL, 2017, '3.7722059962400003'),
('Southern Sub-Saharan Africa', NULL, 2017, '3.6927268839900003'),
('Spain', 'ESP', 2017, '3.5383592906200003'),
('Sri Lanka', 'LKA', 2017, '3.4433298158300000'),
('Sub-Saharan Africa', NULL, 2017, '3.7761317399000003'),
('Sudan', 'SDN', 2017, '3.7814506460099997'),
('Suriname', 'SUR', 2017, '3.9735832253000000'),
('Swaziland', 'SWZ', 2017, '4.0676543608900010'),
('Sweden', 'SWE', 2017, '4.4879109942100000'),
('Switzerland', 'CHE', 2017, '3.7080597373100000'),
('Syria', 'SYR', 2017, '3.5820727989900000'),
('Taiwan', 'TWN', 2017, '3.0165427471600000'),
('Tajikistan', 'TJK', 2017, '2.5639607337499997'),
('Tanzania', 'TZA', 2017, '3.6857481395400002'),
('Thailand', 'THA', 2017, '3.0850570038100000'),
('Timor', 'TLS', 2017, '3.1390865874699996'),
('Togo', 'TGO', 2017, '3.6567246683100000'),
('Tonga', 'TON', 2017, '2.9189695312999997'),
('Trinidad and Tobago', 'TTO', 2017, '3.3299381066100002'),
('Tropical Latin America', NULL, 2017, '3.2875151060800003'),
('Tunisia', 'TUN', 2017, '3.9151885180500000'),
('Turkey', 'TUR', 2017, '3.7186578278500000'),
('Turkmenistan', 'TKM', 2017, '2.8230857980599997'),
('Uganda', 'UGA', 2017, '4.9180281573800000'),
('Ukraine', 'UKR', 2017, '4.0719153932700000'),
('United Arab Emirates', 'ARE', 2017, '2.8774261271599997'),
('United Kingdom', 'GBR', 2017, '4.1195239911799995'),
('United States', 'USA', 2017, '4.8356104087900000'),
('United States Virgin Islands', 'VIR', 2017, '2.9251819739800000'),
('Uruguay', 'URY', 2017, '3.6175737319200000'),
('Uzbekistan', 'UZB', 2017, '2.8869236290800000'),
('Vanuatu', 'VUT', 2017, '3.1226949744200000'),
('Venezuela', 'VEN', 2017, '2.8145838578000000'),
('Vietnam', 'VNM', 2017, '2.8794500651700000'),
('Wales', NULL, 2017, '4.0692889493900000'),
('Western Europe', NULL, 2017, '3.9244037003900000'),
('Western Sub-Saharan Africa', NULL, 2017, '3.6996543910500000'),
('World', 'OWID_WRL', 2017, '3.4410873397300000'),
('Yemen', 'YEM', 2017, '4.0123464160700000'),
('Zambia', 'ZMB', 2017, '3.6418111628600003'),
('Zimbabwe', 'ZWE', 2017, '3.1927891193399995');

-- --------------------------------------------------------

--
-- Table structure for table `world-index`
--

CREATE TABLE `world-index` (
  `Country` varchar(24) NOT NULL,
  `Ladder` int(11) NOT NULL,
  `SD_of_Ladder` int(11) NOT NULL,
  `Positive_affect` int(11) DEFAULT NULL,
  `Negative_affect` int(11) DEFAULT NULL,
  `Social_support` int(11) DEFAULT NULL,
  `Freedom` int(11) DEFAULT NULL,
  `Corruption` int(11) DEFAULT NULL,
  `Generosity` int(11) DEFAULT NULL,
  `Log_of_GDP_per_capita` int(11) DEFAULT NULL,
  `Healthy_life_expectancy` int(11) DEFAULT NULL
) ENGINE=InnoDB DEFAULT CHARSET=latin1;

--
-- Dumping data for table `world-index`
--

INSERT INTO `world-index` (`Country`, `Ladder`, `SD_of_Ladder`, `Positive_affect`, `Negative_affect`, `Social_support`, `Freedom`, `Corruption`, `Generosity`, `Log_of_GDP_per_capita`, `Healthy_life_expectancy`) VALUES
('Afghanistan', 154, 25, 152, 133, 151, 155, 136, 137, 134, 139),
('Albania', 107, 126, 90, 108, 133, 87, 134, 60, 81, 40),
('Algeria', 88, 56, 113, 106, 101, 149, 46, 128, 72, 78),
('Argentina', 47, 97, 28, 93, 46, 54, 109, 123, 55, 37),
('Armenia', 116, 82, 126, 145, 117, 123, 93, 129, 91, 64),
('Australia', 11, 26, 47, 37, 7, 17, 13, 6, 18, 10),
('Austria', 10, 10, 64, 24, 31, 26, 19, 25, 16, 15),
('Azerbaijan', 90, 24, 134, 20, 104, 101, 22, 146, 65, 82),
('Bahrain', 37, 83, 39, 83, 59, 24, NULL, 23, 20, 42),
('Bangladesh', 125, 52, 145, 68, 126, 27, 36, 107, 119, 90),
('Belarus', 81, 22, 149, 36, 33, 131, 37, 103, 58, 76),
('Belgium', 18, 7, 57, 53, 22, 53, 20, 44, 21, 26),
('Benin', 102, 149, 118, 148, 153, 103, 75, 116, 128, 133),
('Bhutan', 95, 6, 37, 98, 68, 59, 25, 13, 95, 104),
('Bolivia', 61, 71, 70, 138, 93, 35, 91, 104, 101, 94),
('Bosnia and Herzegovina', 78, 80, 116, 79, 92, 137, 145, 32, 82, 50),
('Botswana', 148, 125, 87, 65, 105, 60, 54, 150, 66, 113),
('Brazil', 32, 116, 69, 105, 43, 84, 71, 108, 70, 72),
('Bulgaria', 97, 47, 117, 13, 18, 115, 147, 112, 56, 65),
('Burkina Faso', 115, 92, 115, 117, 116, 127, 47, 125, 137, 136),
('Burundi', 145, 138, 98, 126, 152, 135, 23, 149, 151, 135),
('Cambodia', 109, 135, 27, 142, 109, 2, 94, 61, 116, 102),
('Cameroon', 96, 131, 106, 129, 129, 90, 120, 91, 121, 141),
('Canada', 9, 23, 18, 49, 20, 9, 11, 14, 19, 8),
('Central African Republic', 155, 117, 132, 153, 155, 133, 122, 113, 152, 150),
('Chad', 132, 139, 136, 151, 141, 142, 80, 106, 133, 148),
('Chile', 26, 61, 15, 78, 58, 98, 99, 45, 49, 30),
('China', 93, 72, 21, 11, 108, 31, NULL, 133, 68, 34),
('Colombia', 43, 120, 30, 88, 52, 56, 124, 111, 74, 51),
('Comoros', 142, 143, 67, 114, 143, 148, 81, 62, 143, 117),
('Congo (Brazzaville)', 103, 152, 124, 136, 138, 92, 60, 140, 111, 116),
('Congo (Kinshasa)', 127, 78, 125, 95, 107, 125, 106, 127, 149, 140),
('Costa Rica', 12, 62, 4, 87, 42, 16, 58, 75, 67, 28),
('Croatia', 75, 29, 122, 101, 79, 118, 139, 81, 50, 32),
('Cyprus', 49, 95, 60, 99, 90, 81, 115, 39, 33, 6),
('Czech Republic', 20, 20, 74, 22, 24, 58, 121, 117, 32, 31),
('Denmark', 2, 13, 24, 26, 4, 6, 3, 22, 14, 23),
('Dominican Republic', 77, 155, 66, 77, 55, 43, 52, 93, 69, 80),
('Ecuador', 50, 113, 11, 113, 71, 42, 68, 95, 86, 45),
('Egypt', 137, 66, 146, 124, 118, 129, 89, 132, 85, 101),
('El Salvador', 35, 112, 23, 84, 83, 74, 85, 134, 100, 75),
('Estonia', 55, 32, 50, 6, 12, 45, 30, 83, 37, 41),
('Ethiopia', 134, 38, 100, 74, 119, 106, 53, 99, 135, 115),
('Finland', 1, 4, 41, 10, 2, 5, 4, 47, 22, 27),
('France', 24, 19, 56, 66, 32, 69, 21, 68, 25, 5),
('Gabon', 104, 105, 111, 144, 95, 119, 103, 143, 59, 108),
('Gambia', 120, 142, 29, 109, 125, 89, 26, 64, 139, 130),
('Georgia', 119, 51, 141, 43, 147, 104, 28, 153, 87, 84),
('Germany', 17, 17, 65, 30, 39, 44, 17, 19, 17, 25),
('Ghana', 98, 129, 92, 72, 132, 91, 117, 52, 114, 121),
('Greece', 82, 87, 102, 94, 102, 150, 123, 152, 46, 21),
('Guatemala', 27, 136, 8, 85, 78, 25, 82, 78, 99, 85),
('Guinea', 118, 146, 82, 143, 136, 109, 70, 94, 130, 137),
('Haiti', 147, 111, 142, 119, 146, 152, 48, 20, 138, 125),
('Honduras', 59, 151, 13, 73, 84, 39, 79, 51, 113, 57),
('Hong Kong', 76, 33, 105, 28, 76, 66, 14, 18, 9, NULL),
('Hungary', 62, 36, 86, 31, 51, 138, 140, 100, 42, 56),
('Iceland', 4, 9, 3, 3, 1, 7, 45, 3, 15, 13),
('India', 140, 41, 93, 115, 142, 41, 73, 65, 103, 105),
('Indonesia', 92, 108, 9, 104, 94, 48, 129, 2, 83, 98),
('Iran', 117, 109, 109, 150, 134, 117, 44, 28, 54, 77),
('Iraq', 126, 147, 151, 154, 124, 130, 66, 73, 64, 107),
('Ireland', 16, 34, 33, 32, 6, 33, 10, 9, 6, 20),
('Israel', 13, 14, 104, 69, 38, 93, 74, 24, 31, 11),
('Italy', 36, 31, 99, 123, 23, 132, 128, 48, 29, 7),
('Ivory Coast', 99, 134, 88, 130, 137, 100, 62, 114, 118, 147),
('Jamaica', 56, 102, 51, 51, 28, 49, 130, 119, 93, 55),
('Japan', 58, 43, 73, 14, 50, 64, 39, 92, 24, 2),
('Jordan', 101, 127, 112, 120, 88, 88, NULL, 118, 92, 63),
('Kazakhstan', 60, 40, 81, 5, 19, 80, 57, 57, 47, 88),
('Kenya', 121, 118, 59, 46, 123, 72, 105, 26, 122, 106),
('Kosovo', 46, 107, 71, 7, 85, 50, 144, 31, 88, NULL),
('Kuwait', 51, 98, 89, 97, 69, 47, NULL, 42, 5, 70),
('Kyrgyzstan', 86, 46, 58, 4, 45, 38, 138, 36, 120, 91),
('Laos', 105, 59, 5, 112, 120, 22, 27, 34, 102, 112),
('Latvia', 53, 30, 119, 38, 34, 126, 92, 105, 43, 68),
('Lebanon', 91, 60, 150, 61, 89, 136, 133, 63, 73, 66),
('Lesotho', 144, 150, 72, 64, 98, 97, 59, 151, 124, 149),
('Liberia', 141, 156, 103, 146, 127, 94, 126, 110, 150, 126),
('Libya', 72, 115, 85, 137, 73, 79, 31, 87, 63, 96),
('Lithuania', 42, 55, 138, 41, 17, 122, 113, 124, 36, 62),
('Luxembourg', 14, 3, 62, 19, 27, 28, 9, 30, 2, 16),
('Macedonia', 84, 67, 140, 89, 74, 105, 125, 55, 75, 52),
('Madagascar', 143, 77, 46, 96, 128, 146, 116, 136, 144, 111),
('Malawi', 150, 132, 129, 110, 150, 65, 64, 109, 147, 119),
('Malaysia', 80, 12, 25, 23, 97, 36, 137, 27, 40, 59),
('Mali', 128, 96, 48, 122, 112, 110, 107, 138, 129, 142),
('Malta', 22, 42, 83, 103, 16, 12, 32, 5, 28, 19),
('Mauritania', 122, 68, 94, 58, 99, 151, 67, 148, 117, 120),
('Mauritius', 57, 94, 55, 16, 54, 40, 96, 37, 53, 73),
('Mexico', 23, 76, 6, 40, 67, 71, 87, 120, 57, 46),
('Moldova', 71, 45, 133, 67, 65, 128, 148, 86, 109, 86),
('Mongolia', 83, 48, 95, 17, 10, 112, 119, 38, 80, 97),
('Montenegro', 73, 84, 143, 118, 60, 139, 77, 76, 61, 44),
('Morocco', 89, 101, 110, 91, 139, 76, 84, 154, 98, 79),
('Mozambique', 123, 154, 108, 131, 122, 46, 40, 121, 146, 134),
('Myanmar', 131, 70, 45, 86, 96, 29, 24, 1, 106, 110),
('Namibia', 113, 106, 75, 59, 70, 82, 98, 142, 89, 122),
('Nepal', 100, 128, 137, 134, 87, 67, 65, 46, 127, 95),
('Netherlands', 5, 1, 12, 25, 15, 19, 12, 7, 12, 18),
('New Zealand', 8, 15, 22, 12, 5, 8, 5, 8, 26, 14),
('Nicaragua', 45, 133, 31, 125, 66, 70, 43, 71, 108, 53),
('Niger', 114, 144, 79, 141, 140, 111, 51, 135, 148, 138),
('Nigeria', 85, 130, 61, 55, 111, 75, 114, 59, 107, 145),
('Norway', 3, 8, 16, 29, 3, 3, 8, 11, 7, 12),
('Pakistan', 67, 53, 130, 111, 130, 114, 55, 58, 110, 114),
('Palestinian Territories', 110, 110, 128, 140, 82, 134, 90, 147, 112, NULL),
('Panama', 31, 121, 7, 48, 41, 32, 104, 88, 51, 33),
('Paraguay', 63, 90, 1, 39, 30, 34, 76, 67, 90, 81),
('Peru', 65, 114, 36, 127, 77, 61, 132, 126, 76, 47),
('Philippines', 69, 119, 42, 116, 75, 15, 49, 115, 97, 99),
('Poland', 40, 28, 76, 33, 44, 52, 108, 77, 41, 36),
('Portugal', 66, 73, 97, 100, 47, 37, 135, 122, 39, 22),
('Qatar', 29, 86, NULL, NULL, NULL, NULL, NULL, NULL, 1, 43),
('Romania', 48, 75, 80, 62, 86, 57, 146, 102, 48, 61),
('Russia', 68, 64, 96, 9, 40, 107, 127, 101, 45, 89),
('Rwanda', 152, 63, 54, 102, 144, 21, 2, 90, 132, 103),
('Saudi Arabia', 28, 93, 49, 82, 62, 68, NULL, 82, 11, 74),
('Senegal', 111, 44, 68, 60, 106, 121, 88, 130, 126, 109),
('Serbia', 70, 100, 148, 92, 57, 124, 118, 84, 71, 48),
('Sierra Leone', 129, 153, 139, 149, 135, 116, 112, 79, 145, 146),
('Singapore', 34, 5, 38, 2, 36, 20, 1, 21, 3, 1),
('Slovakia', 38, 39, 53, 47, 21, 108, 142, 70, 35, 38),
('Slovenia', 44, 54, 114, 71, 14, 13, 97, 54, 34, 29),
('South Africa', 106, 124, 40, 80, 63, 85, 102, 89, 77, 123),
('South Korea', 54, 57, 101, 45, 91, 144, 100, 40, 27, 9),
('South Sudan', 156, 140, 127, 152, 148, 154, 61, 85, 140, 143),
('Spain', 30, 21, 107, 107, 26, 95, 78, 50, 30, 3),
('Sri Lanka', 130, 91, 32, 81, 80, 55, 111, 35, 79, 54),
('Swaziland', 135, 104, 26, 57, 103, 113, 41, 145, 96, NULL),
('Sweden', 7, 18, 34, 8, 25, 10, 6, 17, 13, 17),
('Switzerland', 6, 11, 44, 21, 13, 11, 7, 16, 8, 4),
('Tajikistan', 74, 50, 120, 54, 113, 86, 35, 72, 123, 92),
('Tanzania', 153, 122, 78, 50, 131, 78, 34, 49, 125, 118),
('Thailand', 52, 81, 20, 35, 53, 18, 131, 10, 62, 58),
('Togo', 139, 103, 123, 147, 149, 120, 72, 131, 142, 132),
('Trinidad and Tobago', 39, 89, 14, 52, 29, 51, 141, 41, 38, 93),
('Tunisia', 124, 79, 147, 132, 121, 143, 101, 144, 84, 67),
('Turkey', 79, 58, 154, 121, 61, 140, 50, 98, 44, 69),
('Turkmenistan', 87, 2, 135, 63, 8, 83, NULL, 33, 60, 100),
('Uganda', 136, 148, 91, 139, 114, 99, 95, 74, 136, 127),
('Ukraine', 133, 69, 131, 44, 56, 141, 143, 66, 94, 87),
('United Arab Emirates', 21, 65, 43, 56, 72, 4, NULL, 15, 4, 60),
('United Kingdom', 15, 16, 52, 42, 9, 63, 15, 4, 23, 24),
('United States', 19, 49, 35, 70, 37, 62, 42, 12, 10, 39),
('Uruguay', 33, 88, 10, 76, 35, 30, 33, 80, 52, 35),
('Uzbekistan', 41, 99, 19, 15, 11, 1, 18, 29, 104, 83),
('Venezuela', 108, 141, 77, 135, 49, 145, 110, 139, 78, 71),
('Vietnam', 94, 27, 121, 27, 64, 23, 86, 97, 105, 49),
('Yemen', 151, 85, 153, 75, 100, 147, 83, 155, 141, 124),
('Zambia', 138, 145, 84, 128, 115, 73, 69, 53, 115, 131),
('Zimbabwe', 146, 123, 63, 34, 110, 96, 63, 141, 131, 129);

--
-- Indexes for dumped tables
--

--
-- Indexes for table `alcohol-usage`
--
ALTER TABLE `alcohol-usage`
  ADD PRIMARY KEY (`Country`);

--
-- Indexes for table `continents`
--
ALTER TABLE `continents`
  ADD PRIMARY KEY (`CODE`);

--
-- Indexes for table `countries`
--
ALTER TABLE `countries`
  ADD PRIMARY KEY (`CODE`),
  ADD KEY `CONTINENT_CODE` (`CONTINENT_CODE`);

--
-- Indexes for table `depression`
--
ALTER TABLE `depression`
  ADD PRIMARY KEY (`Country`);

--
-- Indexes for table `world-index`
--
ALTER TABLE `world-index`
  ADD PRIMARY KEY (`Country`);

--
-- Constraints for dumped tables
--

--
-- Constraints for table `countries`
--
ALTER TABLE `countries`
  ADD CONSTRAINT `fk_countries_continents` FOREIGN KEY (`CONTINENT_CODE`) REFERENCES `continents` (`CODE`);
COMMIT;

/*!40101 SET CHARACTER_SET_CLIENT=@OLD_CHARACTER_SET_CLIENT */;
/*!40101 SET CHARACTER_SET_RESULTS=@OLD_CHARACTER_SET_RESULTS */;
/*!40101 SET COLLATION_CONNECTION=@OLD_COLLATION_CONNECTION */;
